java-merge-sort-master;1740
QuickSortF-master;62
SimuladorMIPSSuperEscalar-master;1367
Java;5287
comp2022-snake-master;98
QuickSortF-master;3
java-merge-sort-master;40
comp2022-snake-master;4
SimuladorMIPSSuperEscalar-master;53
Java;267
Java;250
SimuladorMIPSSuperEscalar-master;57
QuickSortF-master;2
java-merge-sort-master;32
comp2022-snake-master;3
QuickSortF-master;4
java-merge-sort-master;31
SimuladorMIPSSuperEscalar-master;62
comp2022-snake-master;3
Java;187
comp2022-snake-master;4
Java;206
java-merge-sort-master;31
QuickSortF-master;3
SimuladorMIPSSuperEscalar-master;50
